old_slug,action,target_slug,note
cost-of-divorce-in-australia,CANONICAL (DONE),cost-of-divorce-in-australia,How Much Does Divorce Cost in Australia?
the-cost-of-divorce-in-australia,redirect-301,cost-of-divorce-in-australia,-> How Much Does Divorce Cost in Australia?
divorce-fees-in-australia,redirect-301,cost-of-divorce-in-australia,-> How Much Does Divorce Cost in Australia?
costs-of-going-to-court,redirect-301,cost-of-divorce-in-australia,-> How Much Does Divorce Cost in Australia?
how-much-does-a-family-lawyer-cost-in-australia,redirect-301,cost-of-divorce-in-australia,-> How Much Does Divorce Cost in Australia?
how-much-does-mediation-cost,CANONICAL (TO BUILD),how-much-does-mediation-cost,How Much Does Mediation Cost?
mediation-who-pays,redirect-301,how-much-does-mediation-cost,-> How Much Does Mediation Cost?
is-mediation-expensive,redirect-301,how-much-does-mediation-cost,-> How Much Does Mediation Cost?
how-much-does-mediation-cost,redirect-301,how-much-does-mediation-cost,-> How Much Does Mediation Cost?
what-am-i-entitled-to-in-a-separation-in-australia,CANONICAL (DONE),what-am-i-entitled-to-in-a-separation-in-australia,What Am I Entitled To in a Separation?
what-am-i-entitled-to-in-a-separation,redirect-301,what-am-i-entitled-to-in-a-separation-in-australia,-> What Am I Entitled To in a Separation?
what-am-i-entitled-to-in-a-divorce-or-separation-in-australia,redirect-301,what-am-i-entitled-to-in-a-separation-in-australia,-> What Am I Entitled To in a Separation?
in-a-divorce-who-gets-what,redirect-301,what-am-i-entitled-to-in-a-separation-in-australia,-> What Am I Entitled To in a Separation?
what-is-the-average-split-in-a-divorce-settlement-australia,redirect-301,what-am-i-entitled-to-in-a-separation-in-australia,-> What Am I Entitled To in a Separation?
60-40-split-divorce-australia,redirect-301,what-am-i-entitled-to-in-a-separation-in-australia,-> What Am I Entitled To in a Separation?
how-are-assets-divided-in-a-divorce,redirect-301,what-am-i-entitled-to-in-a-separation-in-australia,-> What Am I Entitled To in a Separation?
can-my-ex-wife-claim-money-after-divorce-in-australia,redirect-301,what-am-i-entitled-to-in-a-separation-in-australia,-> What Am I Entitled To in a Separation?
does-a-husband-have-to-support-his-wife,redirect-301,what-am-i-entitled-to-in-a-separation-in-australia,-> What Am I Entitled To in a Separation?
property-settlement-after-separation,CANONICAL (TO BUILD),property-settlement-after-separation,Property Settlement After Separation
property-in-divorce-settlement,redirect-301,property-settlement-after-separation,-> Property Settlement After Separation
property-settlement-in-family-law,redirect-301,property-settlement-after-separation,-> Property Settlement After Separation
how-property-settlements-work,redirect-301,property-settlement-after-separation,-> Property Settlement After Separation
understanding-property-settlement-in-divorce-a-guide-to-private-agreements,redirect-301,property-settlement-after-separation,-> Property Settlement After Separation
divorce-property-settlement-your-best-options-in-2022,redirect-301,property-settlement-after-separation,-> Property Settlement After Separation
divorce-property-settlement-examples-in-australia,redirect-301,property-settlement-after-separation,-> Property Settlement After Separation
property-settlement-after-separation-time-limit,redirect-301,property-settlement-after-separation,-> Property Settlement After Separation
what-factors-do-property-settlement-lawyers-consider-when-dividing-assets,redirect-301,property-settlement-after-separation,-> Property Settlement After Separation
how-to-force-a-property-settlement,redirect-301,property-settlement-after-separation,-> Property Settlement After Separation
what-do-i-need-to-disclose-in-my-property-settlement-dispute,redirect-301,property-settlement-after-separation,-> Property Settlement After Separation
duty-of-disclosure-in-australian-family-law,redirect-301,property-settlement-after-separation,-> Property Settlement After Separation
what-is-included-in-a-matrimonial-property-pool,redirect-301,property-settlement-after-separation,-> Property Settlement After Separation
how-are-contributions-assessed-in-family-law-matters,redirect-301,property-settlement-after-separation,-> Property Settlement After Separation
how-are-contributions-assessed-in-family-law-matters-2,redirect-301,property-settlement-after-separation,-> Property Settlement After Separation
are-gifts-included-in-property-settlements-in-australia,redirect-301,property-settlement-after-separation,-> Property Settlement After Separation
investment-property-division-in-family-law-disputes,redirect-301,property-settlement-after-separation,-> Property Settlement After Separation
cryptocurrency-and-digital-assets-in-property-settlements,redirect-301,property-settlement-after-separation,-> Property Settlement After Separation
how-to-sell-property-during-a-divorce,redirect-301,property-settlement-after-separation,-> Property Settlement After Separation
joint-tenancy-and-divorce,redirect-301,property-settlement-after-separation,-> Property Settlement After Separation
how-to-lodge-a-caveat-over-property-in-family-law-matters,redirect-301,property-settlement-after-separation,-> Property Settlement After Separation
what-if-my-ex-dies-before-our-property-settlement-is-finalised,redirect-301,property-settlement-after-separation,-> Property Settlement After Separation
ex-delaying-property-settlement,redirect-301,property-settlement-after-separation,-> Property Settlement After Separation
preparing-for-property-settlement-when-youre-financially-vulnerable,redirect-301,property-settlement-after-separation,-> Property Settlement After Separation
my-partner-wants-me-out-understanding-your-rights-when-youre-not-on-the-title,redirect-301,property-settlement-after-separation,-> Property Settlement After Separation
section-79-of-the-family-law-act-1975,redirect-301,property-settlement-after-separation,-> Property Settlement After Separation
what-is-section-79a-of-family-law-act,redirect-301,property-settlement-after-separation,-> Property Settlement After Separation
property-settlement-mediation-guide,CANONICAL (TO BUILD),property-settlement-mediation-guide,Property Settlement Mediation: Full Guide
mediation-in-property-settlement-cases,redirect-301,property-settlement-mediation-guide,-> Property Settlement Mediation: Full Guide
when-should-we-consider-property-settlement-mediation,redirect-301,property-settlement-mediation-guide,-> Property Settlement Mediation: Full Guide
how-to-get-ready-for-property-settlement-mediation,redirect-301,property-settlement-mediation-guide,-> Property Settlement Mediation: Full Guide
how-to-prepare-for-a-property-settlement-mediation,redirect-301,property-settlement-mediation-guide,-> Property Settlement Mediation: Full Guide
what-to-expect-at-a-family-law-mediation-for-property-division,redirect-301,property-settlement-mediation-guide,-> Property Settlement Mediation: Full Guide
family-law-mediation-for-property-settlements,redirect-301,property-settlement-mediation-guide,-> Property Settlement Mediation: Full Guide
property-settlement-mediation-most-effective-strategies-for-resolving-property-settlement-disputes,redirect-301,property-settlement-mediation-guide,-> Property Settlement Mediation: Full Guide
how-to-resolve-your-property-settlement-with-mediation-in-australia,redirect-301,property-settlement-mediation-guide,-> Property Settlement Mediation: Full Guide
how-to-get-a-divorce-in-australia-a-step-by-step-guide,CANONICAL (TO BUILD),how-to-get-a-divorce-in-australia-a-step-by-step-guide,How to Get a Divorce in Australia
applying-for-a-divorce-in-australia,redirect-301,how-to-get-a-divorce-in-australia-a-step-by-step-guide,-> How to Get a Divorce in Australia
application-for-divorce,redirect-301,how-to-get-a-divorce-in-australia-a-step-by-step-guide,-> How to Get a Divorce in Australia
divorce-application-process,redirect-301,how-to-get-a-divorce-in-australia-a-step-by-step-guide,-> How to Get a Divorce in Australia
how-to-get-divorce-papers-the-2022-guide,redirect-301,how-to-get-a-divorce-in-australia-a-step-by-step-guide,-> How to Get a Divorce in Australia
joint-divorce-application,redirect-301,how-to-get-a-divorce-in-australia-a-step-by-step-guide,-> How to Get a Divorce in Australia
getting-divorced-or-separated-the-2022-guide,redirect-301,how-to-get-a-divorce-in-australia-a-step-by-step-guide,-> How to Get a Divorce in Australia
what-is-divorce-law-in-australia,redirect-301,how-to-get-a-divorce-in-australia-a-step-by-step-guide,-> How to Get a Divorce in Australia
how-to-get-a-divorce-in-new-south-wales,redirect-301,how-to-get-a-divorce-in-australia-a-step-by-step-guide,-> How to Get a Divorce in Australia
how-to-apply-file-for-get-a-divorce-in-western-australia-wa,redirect-301,how-to-get-a-divorce-in-australia-a-step-by-step-guide,-> How to Get a Divorce in Australia
understanding-divorce-laws-in-nsw,redirect-301,how-to-get-a-divorce-in-australia-a-step-by-step-guide,-> How to Get a Divorce in Australia
the-marriage-separation-process-in-nsw,redirect-301,how-to-get-a-divorce-in-australia-a-step-by-step-guide,-> How to Get a Divorce in Australia
divorce-certificate-in-australia,redirect-301,how-to-get-a-divorce-in-australia-a-step-by-step-guide,-> How to Get a Divorce in Australia
my-ex-wont-sign-divorce-papers,redirect-301,how-to-get-a-divorce-in-australia-a-step-by-step-guide,-> How to Get a Divorce in Australia
divorce-law-near-me,redirect-301,how-to-get-a-divorce-in-australia-a-step-by-step-guide,-> How to Get a Divorce in Australia
how-long-does-a-divorce-take,CANONICAL (TO BUILD),how-long-does-a-divorce-take,How Long Does a Divorce Take?
how-long-does-it-take-to-get-a-divorce,redirect-301,how-long-does-a-divorce-take,-> How Long Does a Divorce Take?
consent-orders-explained,CANONICAL (TO BUILD),consent-orders-explained,Consent Orders Explained
consent-order,redirect-301,consent-orders-explained,-> Consent Orders Explained
consent-orders-example,redirect-301,consent-orders-explained,-> Consent Orders Explained
consent-orders-2025-update,redirect-301,consent-orders-explained,-> Consent Orders Explained
how-do-i-change-a-consent-order,redirect-301,consent-orders-explained,-> Consent Orders Explained
how-long-do-consent-orders-take,redirect-301,consent-orders-explained,-> Consent Orders Explained
how-long-do-consent-orders-take-in-family-law-matters,redirect-301,consent-orders-explained,-> Consent Orders Explained
breach-of-family-court-order,redirect-301,consent-orders-explained,-> Consent Orders Explained
binding-financial-agreements-guide,CANONICAL (TO BUILD),binding-financial-agreements-guide,Binding Financial Agreements: Complete Guide
binding-financial-agreement,redirect-301,binding-financial-agreements-guide,-> Binding Financial Agreements: Complete Guide
binding-financial-agreement-what-you-need-to-know,redirect-301,binding-financial-agreements-guide,-> Binding Financial Agreements: Complete Guide
avoid-these-mistakes-with-a-binding-financial-agreement,redirect-301,binding-financial-agreements-guide,-> Binding Financial Agreements: Complete Guide
binding-financial-agreement-v-consent-orders,redirect-301,binding-financial-agreements-guide,-> Binding Financial Agreements: Complete Guide
12-essential-things-to-know-about-binding-financial-agreements-in-australia,redirect-301,binding-financial-agreements-guide,-> Binding Financial Agreements: Complete Guide
what-is-a-prenup-agreement-in-2024,redirect-301,binding-financial-agreements-guide,-> Binding Financial Agreements: Complete Guide
prenups-for-women,redirect-301,binding-financial-agreements-guide,-> Binding Financial Agreements: Complete Guide
post-prenup-agreement,redirect-301,binding-financial-agreements-guide,-> Binding Financial Agreements: Complete Guide
postnuptial-agreement-australia-everything-you-need-to-know,redirect-301,binding-financial-agreements-guide,-> Binding Financial Agreements: Complete Guide
de-facto-relationships-and-prenups-what-you-have-to-know,redirect-301,binding-financial-agreements-guide,-> Binding Financial Agreements: Complete Guide
how-mediation-can-help-in-financial-agreements,redirect-301,binding-financial-agreements-guide,-> Binding Financial Agreements: Complete Guide
parenting-plans-guide,CANONICAL (TO BUILD),parenting-plans-guide,Parenting Plans in Australia: Complete Guide
what-you-need-to-know-about-parenting-plans,redirect-301,parenting-plans-guide,-> Parenting Plans in Australia: Complete Guide
create-parenting-plan-that-works,redirect-301,parenting-plans-guide,-> Parenting Plans in Australia: Complete Guide
parenting-plans-example,redirect-301,parenting-plans-guide,-> Parenting Plans in Australia: Complete Guide
12-best-strategies-for-effective-parenting-plans-in-australia,redirect-301,parenting-plans-guide,-> Parenting Plans in Australia: Complete Guide
parenting-plan-vs-parenting-order,redirect-301,parenting-plans-guide,-> Parenting Plans in Australia: Complete Guide
how-to-make-changes-to-a-parenting-order,redirect-301,parenting-plans-guide,-> Parenting Plans in Australia: Complete Guide
what-you-need-to-know-about-parenting-coordination-2022-update,redirect-301,parenting-plans-guide,-> Parenting Plans in Australia: Complete Guide
best-apps-for-separated-parents,redirect-301,parenting-plans-guide,-> Parenting Plans in Australia: Complete Guide
child-custody-mediation,CANONICAL (TO BUILD),child-custody-mediation,Child Custody Mediation
what-is-child-custody-mediation,redirect-301,child-custody-mediation,-> Child Custody Mediation
5-reasons-why-you-should-consider-mediation-for-child-custody-disputes,redirect-301,child-custody-mediation,-> Child Custody Mediation
when-should-i-think-about-parenting-mediation-or-custody-mediation,redirect-301,child-custody-mediation,-> Child Custody Mediation
how-often-do-fathers-get-50-50-custody-in-australia,redirect-301,child-custody-mediation,-> Child Custody Mediation
what-is-the-role-of-an-independent-childrens-lawyer,redirect-301,child-custody-mediation,-> Child Custody Mediation
what-are-family-reports-in-family-law-matters,redirect-301,child-custody-mediation,-> Child Custody Mediation
supporting-your-child-through-parents-separation-a-comprehensive-guide-for-australian-families,redirect-301,child-custody-mediation,-> Child Custody Mediation
how-does-mediation-help-co-parenting,redirect-301,child-custody-mediation,-> Child Custody Mediation
fathers-rights,CANONICAL (TO BUILD),fathers-rights,Fathers' Rights After Separation
fathers-rights-after-separation,redirect-301,fathers-rights,-> Fathers' Rights After Separation
fathers-rights-in-family-law-2022-update,redirect-301,fathers-rights,-> Fathers' Rights After Separation
mothers-rights,CANONICAL (TO BUILD),mothers-rights,Mothers' Rights in Family Law
what-are-the-mothers-rights-in-family-law,redirect-301,mothers-rights,-> Mothers' Rights in Family Law
grandparents-rights,CANONICAL (TO BUILD),grandparents-rights,Grandparents' Rights
grandparents-rights-how-to-see-your-grandchildren-2022-update,redirect-301,grandparents-rights,-> Grandparents' Rights
grandparents-custody-in-australia,redirect-301,grandparents-rights,-> Grandparents' Rights
spousal-maintenance-guide,CANONICAL (TO BUILD),spousal-maintenance-guide,Spousal Maintenance in Australia
spousal-maintenance,redirect-301,spousal-maintenance-guide,-> Spousal Maintenance in Australia
what-is-alimony-in-australia,redirect-301,spousal-maintenance-guide,-> Spousal Maintenance in Australia
becoming-independent-sooner-how-mediation-can-help-you-agree-on-spousal-support,redirect-301,spousal-maintenance-guide,-> Spousal Maintenance in Australia
child-support-guide,CANONICAL (TO BUILD),child-support-guide,Child Support in Australia
child-support-payments-and-taxes,redirect-301,child-support-guide,-> Child Support in Australia
when-child-support-stops-guide,redirect-301,child-support-guide,-> Child Support in Australia
parenting-payments-in-australia,redirect-301,child-support-guide,-> Child Support in Australia
how-do-i-contact-centrelink,redirect-301,child-support-guide,-> Child Support in Australia
de-facto-relationships-guide,CANONICAL (TO BUILD),de-facto-relationships-guide,De Facto Relationships & Separation
de-facto-relationships,redirect-301,de-facto-relationships-guide,-> De Facto Relationships & Separation
how-do-de-facto-couples-split-assets,redirect-301,de-facto-relationships-guide,-> De Facto Relationships & Separation
whats-the-difference-between-a-de-facto-relationship-and-marriage,redirect-301,de-facto-relationships-guide,-> De Facto Relationships & Separation
superannuation-and-divorce,CANONICAL (TO BUILD),superannuation-and-divorce,Superannuation & Divorce
superannuation-and-family-law-important-2024-update,redirect-301,superannuation-and-divorce,-> Superannuation & Divorce
what-happens-to-superannuation-if-i-separate-or-divorce,redirect-301,superannuation-and-divorce,-> Superannuation & Divorce
separation-guide,CANONICAL (TO BUILD),separation-guide,Separation in Australia: What to Know
trial-separation,redirect-301,separation-guide,-> Separation in Australia: What to Know
separation-or-divorce-which-is-better,redirect-301,separation-guide,-> Separation in Australia: What to Know
who-pays-bills-during-separation,redirect-301,separation-guide,-> Separation in Australia: What to Know
who-gets-to-stay-in-the-house-during-separation,redirect-301,separation-guide,-> Separation in Australia: What to Know
pre-separation-checklist,redirect-301,separation-guide,-> Separation in Australia: What to Know
travel-overseas-after-a-separation,redirect-301,separation-guide,-> Separation in Australia: What to Know
why-you-have-to-update-your-will-after-separation,redirect-301,separation-guide,-> Separation in Australia: What to Know
how-to-protect-your-online-privacy-following-separation,redirect-301,separation-guide,-> Separation in Australia: What to Know
family-law-separation-agreements-the-2024-guide,redirect-301,separation-guide,-> Separation in Australia: What to Know
what-is-mediation-in-family-law,CANONICAL (TO BUILD),what-is-mediation-in-family-law,What Is Mediation in Family Law?
mediation-in-family-law-a-comprehensive-guide,redirect-301,what-is-mediation-in-family-law,-> What Is Mediation in Family Law?
understanding-mediation-2024,redirect-301,what-is-mediation-in-family-law,-> What Is Mediation in Family Law?
family-mediation,redirect-301,what-is-mediation-in-family-law,-> What Is Mediation in Family Law?
family-mediation-process-guide,redirect-301,what-is-mediation-in-family-law,-> What Is Mediation in Family Law?
mediation-for-separation,redirect-301,what-is-mediation-in-family-law,-> What Is Mediation in Family Law?
the-7-most-common-questions-about-mediation,redirect-301,what-is-mediation-in-family-law,-> What Is Mediation in Family Law?
why-mediation-works-the-science-behind-it,redirect-301,what-is-mediation-in-family-law,-> What Is Mediation in Family Law?
understanding-family-conflict-and-why-mediation-is-your-best-path-forward,redirect-301,what-is-mediation-in-family-law,-> What Is Mediation in Family Law?
how-you-can-reach-an-agreement-in-mediation,redirect-301,what-is-mediation-in-family-law,-> What Is Mediation in Family Law?
role-of-a-mediator-divorce-mediation,redirect-301,what-is-mediation-in-family-law,-> What Is Mediation in Family Law?
family-law-mediator,redirect-301,what-is-mediation-in-family-law,-> What Is Mediation in Family Law?
family-court-mediation-process,redirect-301,what-is-mediation-in-family-law,-> What Is Mediation in Family Law?
is-family-law-mediation-compulsory,CANONICAL (TO BUILD),is-family-law-mediation-compulsory,Is Family Law Mediation Compulsory?
is-family-law-mediation-compulsory,redirect-301,is-family-law-mediation-compulsory,-> Is Family Law Mediation Compulsory?
attend-mediation-in-family-law-matters,redirect-301,is-family-law-mediation-compulsory,-> Is Family Law Mediation Compulsory?
family-law-mediation-what-happens-if-i-dont-want-to-do-it,redirect-301,is-family-law-mediation-compulsory,-> Is Family Law Mediation Compulsory?
what-do-i-do-if-my-former-partner-will-not-do-mediation,redirect-301,is-family-law-mediation-compulsory,-> Is Family Law Mediation Compulsory?
how-to-convince-your-ex-partner-to-do-mediation,redirect-301,is-family-law-mediation-compulsory,-> Is Family Law Mediation Compulsory?
what-is-the-difference-between-mediation-and-family-dispute-resolution,redirect-301,is-family-law-mediation-compulsory,-> Is Family Law Mediation Compulsory?
what-is-a-section-60i-certificate-why-do-i-need-one,redirect-301,is-family-law-mediation-compulsory,-> Is Family Law Mediation Compulsory?
mediate-or-litigate,CANONICAL (TO BUILD),mediate-or-litigate,Mediate or Litigate? How to Choose
mediation-or-litigation-what-is-the-best,redirect-301,mediate-or-litigate,-> Mediate or Litigate? How to Choose
mediate-collaborate-or-litigate,redirect-301,mediate-or-litigate,-> Mediate or Litigate? How to Choose
litigation-or-mediation-choose-very-wisely,redirect-301,mediate-or-litigate,-> Mediate or Litigate? How to Choose
the-different-ways-to-resolve-family-law-disputes,redirect-301,mediate-or-litigate,-> Mediate or Litigate? How to Choose
why-going-to-court-for-your-family-law-dispute-is-a-mistake,redirect-301,mediate-or-litigate,-> Mediate or Litigate? How to Choose
abc-expose-the-hidden-cost-of-family-court-battles,redirect-301,mediate-or-litigate,-> Mediate or Litigate? How to Choose
five-benefits-of-using-mediation-to-resolve-divorce-issues,redirect-301,mediate-or-litigate,-> Mediate or Litigate? How to Choose
nothing-alternate-about-alternate-dispute-resolution-adr,redirect-301,mediate-or-litigate,-> Mediate or Litigate? How to Choose
mediation-vs-collaborative-law,redirect-301,mediate-or-litigate,-> Mediate or Litigate? How to Choose
im-contemplating-separation-do-i-see-a-lawyer-or-a-mediation-practice-first,redirect-301,mediate-or-litigate,-> Mediate or Litigate? How to Choose
the-role-of-the-lawyer-in-mediation,redirect-301,mediate-or-litigate,-> Mediate or Litigate? How to Choose
the-difference-between-a-divorce-lawyer-and-a-mediator,redirect-301,mediate-or-litigate,-> Mediate or Litigate? How to Choose
points-to-consider-family-mediation-lawyers-in-australia,redirect-301,mediate-or-litigate,-> Mediate or Litigate? How to Choose
how-to-resolve-your-family-law-dispute-online,redirect-301,mediate-or-litigate,-> Mediate or Litigate? How to Choose
shuttle-mediation-guide,CANONICAL (TO BUILD),shuttle-mediation-guide,Shuttle Mediation Explained
shuttle-mediation,redirect-301,shuttle-mediation-guide,-> Shuttle Mediation Explained
the-pros-and-cons-of-shuttle-mediation,redirect-301,shuttle-mediation-guide,-> Shuttle Mediation Explained
conciliation-vs-mediation,CANONICAL (TO BUILD),conciliation-vs-mediation,Conciliation vs Mediation
conciliation-in-family-law,redirect-301,conciliation-vs-mediation,-> Conciliation vs Mediation
difference-between-mediation-conciliation,redirect-301,conciliation-vs-mediation,-> Conciliation vs Mediation
difference-mediator-and-conciliator,redirect-301,conciliation-vs-mediation,-> Conciliation vs Mediation
high-conflict-mediation,CANONICAL (TO BUILD),high-conflict-mediation,High-Conflict Family Law Mediation
high-conflict-family-law-mediation,redirect-301,high-conflict-mediation,-> High-Conflict Family Law Mediation
when-is-mediation-not-a-good-idea,redirect-301,high-conflict-mediation,-> High-Conflict Family Law Mediation
domestic-violence-and-family-law,CANONICAL (TO BUILD),domestic-violence-and-family-law,Domestic Violence & Family Law
domestic-violence,redirect-301,domestic-violence-and-family-law,-> Domestic Violence & Family Law
what-is-an-avo,redirect-301,domestic-violence-and-family-law,-> Domestic Violence & Family Law
what-is-a-restraining-order,redirect-301,domestic-violence-and-family-law,-> Domestic Violence & Family Law
what-is-a-dvo-everything-you-need-to-know,redirect-301,domestic-violence-and-family-law,-> Domestic Violence & Family Law
what-is-a-dvo-how-to-apply-for-a-domestic-violence-order,redirect-301,domestic-violence-and-family-law,-> Domestic Violence & Family Law
intervention-orders,redirect-301,domestic-violence-and-family-law,-> Domestic Violence & Family Law
court-ordered-drug-and-alcohol-testing,redirect-301,domestic-violence-and-family-law,-> Domestic Violence & Family Law
what-hannahs-law-means,redirect-301,domestic-violence-and-family-law,-> Domestic Violence & Family Law
parental-alienation-australia-dont-let-your-ex-destroy-your-childs-love-for-you,redirect-301,domestic-violence-and-family-law,-> Domestic Violence & Family Law
arbitration-in-family-law,CANONICAL (TO BUILD),arbitration-in-family-law,Arbitration in Family Law
arbitration-in-family-law,redirect-301,arbitration-in-family-law,-> Arbitration in Family Law
workplace-mediation-guide,CANONICAL (TO BUILD),workplace-mediation-guide,Workplace Mediation in Australia
what-is-workplace-mediation-2023-important-update,redirect-301,workplace-mediation-guide,-> Workplace Mediation in Australia
the-role-of-fair-work-australia-and-workplace-mediation,redirect-301,workplace-mediation-guide,-> Workplace Mediation in Australia
mediate-workplace-conflict-in-australia,redirect-301,workplace-mediation-guide,-> Workplace Mediation in Australia
pets-and-family-law,CANONICAL (TO BUILD),pets-and-family-law,Pets & Family Law: Who Gets the Pet?
pets-and-family-law-who-gets-the-pets-after-separation,redirect-301,pets-and-family-law,-> Pets & Family Law: Who Gets the Pet?
business-in-divorce,CANONICAL (TO BUILD),business-in-divorce,What Happens to a Business in Divorce?
what-happens-to-business-in-divorce,redirect-301,business-in-divorce,-> What Happens to a Business in Divorce?
can-you-sue-a-family-trust-in-australia,redirect-301,business-in-divorce,-> What Happens to a Business in Divorce?
family-loan-agreement-matters,redirect-301,business-in-divorce,-> What Happens to a Business in Divorce?
same-sex-family-law,CANONICAL (TO BUILD),same-sex-family-law,Same-Sex Separation & Divorce
same-sex-divorce-in-australia,redirect-301,same-sex-family-law,-> Same-Sex Separation & Divorce
australia-lgbt-marriage-mediation,redirect-301,same-sex-family-law,-> Same-Sex Separation & Divorce
family-court-process,CANONICAL (TO BUILD),family-court-process,The Family Court Process
family-court-process-2024-update,redirect-301,family-court-process,-> The Family Court Process
what-are-procedural-orders-in-family-court,redirect-301,family-court-process,-> The Family Court Process
final-hearing-in-family-law-disputes,redirect-301,family-court-process,-> The Family Court Process
what-is-a-litigation-guardian-in-australia,redirect-301,family-court-process,-> The Family Court Process
what-is-the-magellan-list,redirect-301,family-court-process,-> The Family Court Process
family-law-regulations-explained,redirect-301,family-court-process,-> The Family Court Process
commonly-asked-family-law-questions,redirect-301,family-court-process,-> The Family Court Process
are-mediation-agreements-legally-binding,redirect-301,family-court-process,-> The Family Court Process
divorce-without-a-lawyer,CANONICAL (TO BUILD),divorce-without-a-lawyer,Divorce Without a Lawyer
divorce-without-lawyers,redirect-301,divorce-without-a-lawyer,-> Divorce Without a Lawyer
divorce-without-a-lawyer,redirect-301,divorce-without-a-lawyer,-> Divorce Without a Lawyer
stepparent-rights,CANONICAL (TO BUILD),stepparent-rights,Step-Parent Rights
stepparent-rights-and-family-law-in-australia,redirect-301,stepparent-rights,-> Step-Parent Rights
surrogacy-laws,CANONICAL (TO BUILD),surrogacy-laws,Surrogacy Laws in Australia
surrogacy-laws-in-australia-2024,redirect-301,surrogacy-laws,-> Surrogacy Laws in Australia
can-you-record-your-ex,CANONICAL (TO BUILD),can-you-record-your-ex,Can You Record Your Ex?
can-you-record-your-ex-without-permission,redirect-301,can-you-record-your-ex,-> Can You Record Your Ex?
best-divorce-lawyers-sydney,CANONICAL (TO BUILD),best-divorce-lawyers-sydney,Best Divorce Lawyers in Sydney
best-divorce-lawyers-in-sydney,redirect-301,best-divorce-lawyers-sydney,-> Best Divorce Lawyers in Sydney
separation-lawyer-sydney,redirect-301,best-divorce-lawyers-sydney,-> Best Divorce Lawyers in Sydney
changes-to-family-law-act-2025,CANONICAL (TO BUILD),changes-to-family-law-act-2025,Changes to the Family Law Act 2025
changes-to-the-family-law-act-2025-you-must-know,redirect-301,changes-to-family-law-act-2025,-> Changes to the Family Law Act 2025
mediation-with-a-narcissist,CANONICAL (DONE),mediation-with-a-narcissist,Mediation With a Narcissist
how-long-does-mediation-take,CANONICAL (DONE),how-long-does-mediation-take,How Long Does Mediation Take?
preparing-for-mediation,CANONICAL (TO BUILD),preparing-for-mediation,Preparing for Mediation
how-to-get-ready-for-mediation,redirect-301,preparing-for-mediation,-> Preparing for Mediation
estate-dispute-mediation,CANONICAL (TO BUILD),estate-dispute-mediation,Estate Dispute Mediation
separated-under-one-roof,redirect-301,separation-under-one-roof,resource page
